,F1 (dev), prec (dev), rec (dev), F1 (test), prec (test), rec (test)
multiclass NB,0.512469321510151,0.515269916988667,0.5897432572232764,0.48090570862309995,0.5109036796536797,0.5240714146964147
BERT NSP,0.4220156898940378,0.3123916836727181,0.8074200453907935,0.376183855628697,0.2821402449367345,0.7591533466533467
