,F1 (dev), prec (dev), rec (dev), F1 (test), prec (test), rec (test)
multiclass NB,0.512469321510151,0.515269916988667,0.5897432572232764,0.48090570862309995,0.5109036796536797,0.5240714146964147
BERT conventional,0.5357212441032864,0.6025538729484493,0.5654039598580838,0.5081784636931697,0.5509232954545454,0.562113233988234
