,CKS only,CKS only without A,CKS only GP speech only,ICPC only,ICPC only without A,ICPC only GP speech only
multiclass NB,0.37473277789626813,0.0,0.35281307059221356,0.512469321510151,0.0,0.4838780179767204
BERT NSP,0.47708178864357625,0.0,0.4362682393979596,0.3306955115081744,0.0,0.3318553590779884
