,CKS only,CKS only without A,CKS only GP speech only,ICPC only,ICPC only without A,ICPC only GP speech only
multiclass NB,0.37473277789626813,0.0,0.35281307059221356,0.512469321510151,0.0,0.4838780179767204
BERT conventional,0.5439342764696236,0.0,0.4450864230604943,0.04235713509907058,0.0,0.027794543698696283
