,F1 (dev), prec (dev), rec (dev), F1 (test), prec (test), rec (test)
multiclass NB,0.512469321510151,0.515269916988667,0.5897432572232764,0.48090570862309995,0.5109036796536797,0.5240714146964147
BERT MLM,0.5442536472554383,0.5535826936473489,0.5967305626209078,0.467498633199238,0.48142155079116283,0.5362436174936175
