,F1 (dev), prec (dev), rec (dev), F1 (test), prec (test), rec (test)
BERT NSP,0.462225158964178,0.36434854494033375,0.816468730700668,0.3057132876977227,0.25666234491921835,0.5981872294372295
