,F1 (dev), prec (dev), rec (dev), F1 (test), prec (test), rec (test)
BERT conventional,0.55028406445474,0.6028588722050207,0.5844170994962236,0.4511109652194212,0.4584201696714374,0.487452824952825
