,ICPC only,ICPC only without A,ICPC only GP speech only,CKS only,CKS only without A,CKS only GP speech only
binary NB,0.25746307937089274,0.27462728466228564,0.0,0.0,0.0,0.0
multiclass NB,0.49657081704996686,0.48773573396194103,0.0,0.0,0.0,0.0
nearest centroid,0.38679247804173544,0.11338670627889594,0.0,0.0,0.0,0.0
BERT MLM,0.47582102656296854,0.07010483597731443,0.0,0.0,0.0,0.0
BERT conventional,0.023684210526315787,0.025263157894736838,0.0,0.0,0.0,0.0
BERT NSP,0.33123532003660733,0.0,0.0,0.0,0.0,0.0
