,CKS only,CKS only without A
BERT conventional,0.06144828091790452,0.06554483297909815
