,CKS only,CKS only without A
BERT conventional,0.1498988942021477,0.1598921538156242
