,CKS only,CKS only without A,CKS only GP speech only,ICPC only,ICPC only without A,ICPC only GP speech only
multiclass NB,0.37473277789626813,0.3906985124276803,0.0,0.0,0.0,0.0
BERT MLM,0.5391998302591097,0.49565120210166547,0.0,0.0,0.0,0.0
BERT conventional,0.49327938727664533,0.5450446969484439,0.0,0.0,0.0,0.0
BERT NSP,0.3870251356610387,0.0,0.0,0.0,0.0,0.0
