,F1 (dev), prec (dev), rec (dev), F1 (test), prec (test), rec (test)
multiclass NB,0.512469321510151,0.515269916988667,0.5897432572232764,0.48090570862309995,0.5109036796536797,0.5240714146964147
BERT MLM,0.48384964615261533,0.513122431004255,0.5201160443407885,0.42795727192558863,0.4448031135531136,0.5142010767010767
BERT conventional,0.0,0.0,0.0,0.0,0.0,0.0
BERT NSP,0.0,0.0,0.0,0.0,0.0,0.0
